<?xml version="1.0" encoding="UTF-8"?>
<!DOCTYPE mapper PUBLIC "-//mybatis.org//DTD Mapper 3.0//EN" "http://mybatis.org/dtd/mybatis-3-mapper.dtd">
<mapper namespace="com.kay.study1.dao.StudentDao">

    <resultMap id="studentMap" type="Student">
        <id property="stuId" column="stuId" ></id>
        <result property="stuName" column="stuName"></result>
        <result property="stuName" column="stuName"></result>
        <result property="stuAge" column="stuAge"></result>
        <result property="stuOrigin" column="stuOrigin"></result>
        <result property="stuAddress" column="stuAddress"></result>
        <result property="stuPhone" column="stuPhone"></result>
        <association property="cls" javaType="Classes">
            <id property="clsId" column="stuClsId" ></id>
            <result property="clsName" column="clsName" ></result>
        </association>
        <collection property="scList" ofType="Score">
            <result property="scId" column="scId"  ></result>
            <result property="score" column="score" ></result>
            <result property="subject" column="subject" ></result>
        </collection>


    </resultMap>


    <select id="selectAll" resultMap="studentMap">
      select student.stuId stuId,stuName,stuAge,cls,stuOrigin,stuAddress,stuPhone ,clsName,scId,score,subject
      from student , classes ,score
     </select>




</mapper>