<?xml version="1.0" encoding="UTF-8"?>
<!DOCTYPE mapper PUBLIC "-//mybatis.org//DTD Mapper 3.0//EN" "http://mybatis.org/dtd/mybatis-3-mapper.dtd">
<mapper namespace="com.example.day02.dao.StudentDao">
    <!--<resultMap id="studentMap" type="Student">
        <id property="stuid" column="stuid"></id>
        <result property="stuname" column="stuname"></result>
        <result property="stuage" column="stuage"></result>
        <result property="stuclsid" column="stuclsid"></result>
        <result property="stuorigin" column="stuorigin"></result>
        <result property="stuaddress" column="stuaddress"></result>
        <result property="stuphone" column="stuphone"></result>
        <association property="cls" javaType="Classes">
            <id property="clsId" column="stuClsId"></id>
            <result property="claName" column="claName"></result>
        </association>
        <collection property="scList" ofType="Score">
            <result property="scId" column="scId"></result>
            <result property="score" column="score"></result>
            <result property="subject" column="subject"></result>
        </collection>
    </resultMap>-->

   <!-- <select id="selectAll"  resultType="Student">
    select stu.stuid,stu.stuname,stu.stuage,stu.stuclsld,stu.stuorigin,stu.stuaddress,stu.stuphone,
    clsName,scId,score,subject from student stu,classes,score
    </select>-->
    <select id="selectAll" resultMap="Student">
        select * from student
    </select>
    <insert id="add" parameterType="Student">
        insert into student values(#{stuid},#{stuname},#{stuage},#{stuclsld},#{stuorigin},#{stuaddress},#{stuphone})
    </insert>
    <update id="update" parameterType="Student">
      update student set stuname=#{stuname} where stuid=#{stuid}
    </update>
    <delete id="delete" >
         delete from student where stuid=#{stuid}
    </delete>
</mapper>