<?xml version="1.0" encoding="UTF-8"?>
<!DOCTYPE mapper PUBLIC "-//mybatis.org//DTD Mapper 3.0//EN" "http://mybatis.org/dtd/mybatis-3-mapper.dtd">
<mapper namespace="cn.jiyun.day06.dao.StudentDao">


    <resultMap id="studentMap" type="Student">
        <id property="stuId" column="stuId"></id>
        <result property="stuName" column="stuName"></result>
        <result property="stuAge" column="stuAge"></result>
        <result property="stuOrigin" column="stuOrigin"></result>
        <result property="stuAddress" column="stuAddress"></result>
        <result property="stuPhone" column="stuPhone"></result>
        <association property="cls" javaType="classes">
            <id property="clsId" column="clsId"></id>
            <result property="clsName" column="clsName"></result>
        </association>
    </resultMap>

    <select id="selectAll" resultMap="studentMap">
        select * from student,classes where student.stuClsId=classes.clsId
    </select>

    <insert id="add" parameterType="Student">
        insert into student(stuId,stuName, stuAge, stuClsId, stuOrigin, stuAddress, stuPhone) values (#{stuId},#{stuName},#{stuAge},#{cls.clsId},#{stuOrigin},#{stuAddress},#{stuPhone})
    </insert>

    <update id="update" parameterType="Student">
        update student set stuName=#{stuName},stuAge=#{stuAge},stuClsId=#{cls.clsId},stuOrigin=#{stuOrigin},stuAddress=#{stuAddress},stuPhone=#{stuPhone} where stuId=#{stuId}
    </update>

    <delete id="delete">
        delete from student where stuId=#{stuId}
    </delete>
</mapper>